<?xml version="1.0" encoding="UTF-8"?>
<beans xmlns="http://www.springframework.org/schema/beans"
    xmlns:xsi="http://www.w3.org/2001/XMLSchema-instance" xmlns:context="http://www.springframework.org/schema/context"
    xsi:schemaLocation="http://www.springframework.org/schema/beans 
    http://www.springframework.org/schema/beans/spring-beans.xsd 
    http://www.springframework.org/schema/context 
    http://www.springframework.org/schema/context/spring-context.xsd">
    
    <bean id="dataSource" class="org.apache.commons.dbcp.BasicDataSource">
    <property name="driverClassName" value="com.mysql.jdbc.Driver"></property>
    <property name="url" value="jdbc:mysql://localhost:3306/springlpmanagement?createDatabaseIfNotExist=true"></property>
    <property name="username" value="root"></property>
    <property name="password" value="root"></property>
    </bean>
    <bean id="mySession" class="org.springframework.orm.hibernate3.annotation.AnnotationSessionFactoryBean">
    <property name="dataSource" ref="dataSource"></property>
    <property name="packagesToScan" value="com.virtusa.model"></property>
    <property name="hibernateProperties">  
            <props>  
                <prop key="hibernate.dialect">org.hibernate.dialect.MySQL5Dialect</prop>  
                <prop key="hibernate.hbm2ddl.auto">update</prop>  
                <prop key="hibernate.show_sql">true</prop>  
                   </props>  
        </property>  
    </bean>
   <bean id="template" class="org.springframework.orm.hibernate3.HibernateTemplate">  
    <property name="sessionFactory" ref="mySession"></property>  
    </bean>  
   <bean id="lpDao" class="com.virtusa.dao.LpDaoImpl">
  <property name="template" ref="template"></property>
  </bean>
  <bean id="adminDao" class="com.virtusa.dao.AdminDaoImpl">
  <property name="template" ref="template"></property>
  </bean>
   <bean id="mentorDao" class="com.virtusa.dao.MentorDaoImpl">
  <property name="template" ref="template"></property>
  </bean>
  
  
   
    </beans>
    